Free Gifts,,
100% Pure,,
CNBG,100% Pure Cotton Tote Bag (Free with $50 Purchase),$7.00 
,Eyeshadow,$15.00 
,Blush,$25.00 
SRWBRY,100% Pure Strawberry Blush (Free with $100 Purchase),

Agadir,,
AGADIR2,Agadir Hair Oil 2oz (Free with $75 Purchase),$20.00 

Bioelements,,
,Crucial Moisture,$32.50 

Blinc,,
,Mascara (black),$25.00 


dermalogica,,
,AGE Smart Overnight skin rescue,$15.00 
,AGE Smart Skin Firming Set,FREE
,Repair Rehydrate Renew Kit,$0.00 
DMGIFT,Body Hydrating Cream 2.5oz,$12.00 

DermOrganic,,
,Conditioning Shampoo 12oz,$16.00 
,Masque Conditioner 8oz,$16.00 

Epicuren,,
"ROSELAVE, troplave",Epicuren Lave &amp; Body Wash 2.5oz (FREE Gift with $30 Purchase),$16.00 
EPOG ,After Bath 2oz,$12.00 
EPKU,After Bath 2oz,$12.00 
EPAP,After Bath 2oz,$12.00 
EPAC,Epicuren Acidolphilus 1oz (Free Gift with $125 Purchase - Video Email),$22.00 
EALPHA,Alpha Lipoic Cream 1oz,$72.00 
,Herbal Cleanser 2oz,$28.00 
milkcleanse,Epicuren Milk Cleanser 2oz (Free Gift with $85 Purchase),$17.00 
EPRW,Retinol Anti-Wrinkle Complex 1.7oz,$138.00 
Promoist125,Epicuren Acidopholous Probioitic Moisturizer 1oz (Free with $125 Purchase) ,$25.00 
,Normal & Anti-aging Sample Kit,FREE
ROSELAVE,Epicuren Lave & Bodyt Wash 2.5oz (FREE Gift with $30 Purchase),$45.00 
troplave,Epicuren Lave & Bodyt Wash 2.5oz (FREE Gift with $30 Purchase),$45.00 
,Acidopholus Pro biotic 1 oz ,$25.00 

EPTRL,Normal & anti-aging kit free w/ 50,$10.00 
Eminence,,
freecleansersr,Eminence Organics Sweet Red Rose Cleanser,$36.00 
LIPBALM,Eminence Organics Citrus Lip Balm (FREE Gift with $50 Purchase),$24.00 
,Cleansers,$36.00 
,Scrubs,$48.00 
,Micro Polish ,$46.00 
,Blotting Sheets,$10.00 
,Calm Skin Vitamin,$56.00 
,Firm Skin Vitamin,$56.00 
CSER,Eminence Organics Couperose-C Serum 1oz Serum (Free with $200 Purchase),$48.00 
straw,Eminence Organics Strawberry Serum 1oz (Free with $200 Purchase),$48.00 
CRN3,Eminence Organics Cornflower Recovery Serum (FREE Gift with $300 Purchase),$58.00 
STSER,Eminence Organic Stone Crop Serum (Free with $200 Purchase),$42.00 
HESER,Eminence Organic Herbal Spot Serum (Free with 200 Purchase),$48.00 

Glo Minerals,,
,Lip Gloss,$16.00 

,Face Primer,$26.00 
,Camouflage Brush,$13.00 
GLOCONTOUR,Glo Minerals Eye Contour Brush (Free Gift With $50 GloMinerals Purchase),$9.00 
gloremover,Eye Makeup Remover,$14.50 
,Moist Hydra. Mist,$18.00 

Glymed Plus,,
,Age Management Skin Care Kit,$0.00 
glymed,Glymed Plus Age Managment Skin Care Kit (free gift with 149 Purchase),$25.00 
Hydropeptide,,
,Eye Anti-Wrinkle Serum,$60.00 
,Trail Pack,$20.00 

Image,,
ageless,Image Skincare Ageless Trial Kit (Free Gift with $75 Purchase),$22.00 
Imgtrav4,Free Vital C Serum Image orders over $100,$25.90 
ANNVC,Image Skincare Vital C Serum 1.7,$52.50 
,Image Skincare Max Cleanser ,$25.00 
psttrt,Post Treatment Trial Kit,$25.00 
,Daily Defense 1oz,$15.00 
IS Clinical,,
,Youth Complex .33oz,$60.00 
,Cleansing Complex 2oz,$22.00 
Crmcln,iSClinical Cream Cleanser 6oz (FREE Gift with $200 Purchase),$48.00 
LBD,,
lbdnude,La Bella Don Nude Lipstick (FREE Gift with $75 Purchase),$24.50 
ANNGL,La Bella Donna Baci Baci in Incredibly Beautiful (Free with $100 Purchase),$26.50 
lbdpetal,La Bella Don Petal Pink Lipstick (Free Gift with $75 Purchase),$24.50 
lbdplat,La Bella Don Petal Platinum Eyeshadow (FREE gift with $50 purchase),$24.50 

Mirabella,,
,Rose Gold,$50.00 

Oxygen Bot.,,
OBWASH,Oxygen Botanicals Antiseptic Wash 2oz (Free with $50 Purchase) ,$22.00 

Osmosis,,
,Polish Mask 12.5ml,$20.00 
,Quench 1oz,$98.00 
,UV Harmonized Water,$24.00 
CLSE,Osmosis Cleanse 1oz (Free Gift with $65 Purchase),$12.00 
Pure Fiji,,
,Soap,$6.95 
pf210,Travel Body Set,$22.00 
,Travel Shower Gel ,$13.95 

Rapid Lash,,
,Lash Curler,$0.00 

Rhonda,,
Rapumpkin,Rhonda Allison Pumpkin Cleanser 1oz (Free with $50 Purchase),$13.00 
,Pumpkin Cleanser 4oz,$33.00 
,Pumpkin Cleanser 0.5oz,$17.00 
PARFAIT77,Rhonda Allison Pumpkin Parfait Enzyme .5oz (Free Gift With $100 Purchase),$17.00 
RADROPS,Rhonda Allison Drops of Essence 1.7 (Free Gift with $200 Purchase),$48.00 


BETA7,Rhonda Allison Beta Action Scrub 2oz (Free with $125 Purchase),$20.00 
EYEREV7,Rhonda Allison Eye Revitalizer .25oz (Free with $85 Purchase),$15.00 
RAGROWTH,Rhonda Allison Growth Factor Plus 0.25oz (Free Gift with $125),$20.00 

RADROPS,Rhonda Allison Drops of Essence 1.7 (Free Gift with $200 Purchase),$48.00 



Misc.,,
,Face Brush,
,Stella Eyelash Curler,
,Travel Hang-up Bag,
,Alana Mystery Bag,$25.00 
,Lash Card,$13.00 

LIDMASK,Lid Mask (FREE Gift with $35 Purchase),$10.00 

Youngblood,,
,Pri & Eye Duo,
,Minderal Primer (full sizE),$41.00 
,Youngblood Mineral Primer Duo ,$15.00 

Vivant Skincare,,
VTBP,BP Acne Wash 2oz,$11.00 
VSGEL,BP 10% Gel 2oz,$17.50 
,Totaloe 3.3oz,
valoe,Vivant Skincare Totaloe (Free gift with $100 Purchase),$34.50 
Trilogy,,
,Ultra Hydrating Hand Cream 2.5oz,
,Aromatic Body Oil 3.3oz,
trby,Body & Hair Essentials Set,
